,user,text,created_at
0,1641297944782733312,"@digitalwave0 @TheAgriverse
 great project, with an experienced and successful team. I think this project will go a step further and can complete the plan.
@Theagriverse
 $AV #Theagriverse #Elonmusk #Bscchain #NFT #Gems #PEPECOIN $PEPE",2023-06-01 11:10:32+00:00
1,1641337745263173632,"@0xAmix @Theagriverse
 $AV #Theagriverse #Elonmusk #PEPECOIN $PEPE #Bscchain #NFT #Gems A good   strong team, a serious project and a large scale. I'm sure this project will   always to be successful soon. And this is good idea to contributeÂ withÂ them",2023-06-01 11:10:29+00:00
2,1662149191005511680,Check out my item listing on OpenSea! https://t.co/00PUKyqbLl via @opensea #elonmusk #Bitcoin #ethereum #Photoshop #NFTProject #biple #art #ART #Solana #BitMart #DropYourNFT @RealmissNFT #Coinbase #binance #opensea,2023-06-01 11:10:29+00:00
3,1641297944782733312,"@XCrusaders_RTS @Equilibrium_G @TheAgriverse
 great project, with an experienced and successful team. I think this project will go a step further and can complete the plan.
@Theagriverse
 $AV #Theagriverse #Elonmusk #Bscchain #NFT #Gems #PEPECOIN $PEPE",2023-06-01 11:10:25+00:00
4,1662149191005511680,Check out my item listing on OpenSea! https://t.co/6dQbhLYHyu via @opensea #elonmusk #Bitcoin #ethereum #Photoshop #NFTProject #biple #art #ART #Solana #BitMart #DropYourNFT @RealmissNFT #Coinbase #binance #opensea,2023-06-01 11:10:23+00:00
5,1250775522604351489,"""@unusual_whales"" ""Conjoined twins,"" Elon says, but I'm thinking more like an awkward three-legged race. Either way, we're stumbling together. Kudos to unusual_whales for always keeping us informed! #UnitedStates #China #ElonMusk",2023-06-01 11:10:23+00:00
6,1641337745263173632,"@RPGAIerc @Theagriverse
 $AV #Theagriverse #Elonmusk #PEPECOIN $PEPE #Bscchain #NFT #Gems A good   strong team, a serious project and a large scale. I'm sure this project will   always to be successful soon. And this is good idea to contributeÂ withÂ them",2023-06-01 11:10:18+00:00
7,1662149191005511680,Check out my item listing on OpenSea! https://t.co/2Dr6ypZl5c via @opensea #elonmusk #Bitcoin #ethereum #Photoshop #NFTProject #biple #art #ART #Solana #BitMart #DropYourNFT @RealmissNFT #Coinbase #binance #opensea,2023-06-01 11:10:18+00:00
8,1641297944782733312,"@crazycarswax @TheAgriverse
 great project, with an experienced and successful team. I think this project will go a step further and can complete the plan.
@Theagriverse
 $AV #Theagriverse #Elonmusk #Bscchain #NFT #Gems #PEPECOIN $PEPE",2023-06-01 11:10:17+00:00
9,1662149191005511680,Check out my item listing on OpenSea! https://t.co/Uj9g270JzM via @opensea #elonmusk #Bitcoin #ethereum #Photoshop #NFTProject #biple #art #ART #Solana #BitMart #DropYourNFT @RealmissNFT #Coinbase #binance #opensea,2023-06-01 11:10:13+00:00
10,213230769,"Elon Musk is once again worldâ€™s richest person
https://t.co/rDFIw1EpbG #Tech #ElonMusk #WorldsRichestPerson",2023-06-01 11:10:11+00:00
11,1641297944782733312,"@MatthwNFT @TheAgriverse
 great project, with an experienced and successful team. I think this project will go a step further and can complete the plan.
@Theagriverse
 $AV #Theagriverse #Elonmusk #Bscchain #NFT #Gems #PEPECOIN $PEPE",2023-06-01 11:10:10+00:00
12,1641337745263173632,"@Hermes_DEX @0xhares @Theagriverse
 $AV #Theagriverse #Elonmusk #PEPECOIN $PEPE #Bscchain #NFT #Gems A good   strong team, a serious project and a large scale. I'm sure this project will   always to be successful soon. And this is good idea to contributeÂ withÂ them",2023-06-01 11:10:09+00:00
13,1662149191005511680,Check out my item listing on OpenSea! https://t.co/JgmlKeWon9 via @opensea #elonmusk #Bitcoin #ethereum #Photoshop #NFTProject #biple #art #ART #Solana #BitMart #DropYourNFT @RealmissNFT #Coinbase #binance #opensea,2023-06-01 11:10:07+00:00
14,1641297944782733312,"@LefanderETH @TheAgriverse
 great project, with an experienced and successful team. I think this project will go a step further and can complete the plan.
@Theagriverse
 $AV #Theagriverse #Elonmusk #Bscchain #NFT #Gems #PEPECOIN $PEPE",2023-06-01 11:10:04+00:00
15,1662149191005511680,Check out my item listing on OpenSea! https://t.co/K04V4MI8wl via @opensea #elonmusk #Bitcoin #ethereum #Photoshop #NFTProject #biple #art #ART #Solana #BitMart #DropYourNFT @RealmissNFT #Coinbase #binance #opensea,2023-06-01 11:10:01+00:00
16,990761677,"Column | #Tesla's cheapest model will cost probably Rs 30-35 lakh in India so it will be irrelevant for the mass market. But #ElonMusk can't ignore a country of 1.4bn people rapidly getting richer. Tesla needs to establish itself in India now itself

https://t.co/pTxK3sOmzf",2023-06-01 11:10:00+00:00
17,1662149191005511680,Check out my item listing on OpenSea! https://t.co/HRRDP3NO2y via @opensea #elonmusk #Bitcoin #ethereum #Photoshop #NFTProject #biple #art #ART #Solana #BitMart #DropYourNFT @RealmissNFT #Coinbase #binance #opensea,2023-06-01 11:09:54+00:00
18,1662149191005511680,Check out my item listing on OpenSea! https://t.co/PXDBR1Umtf via @opensea #elonmusk #Bitcoin #ethereum #Photoshop #NFTProject #biple #art #ART #Solana #BitMart #DropYourNFT @RealmissNFT #Coinbase #binance #opensea,2023-06-01 11:09:48+00:00
19,1662149191005511680,Check out my item listing on OpenSea! https://t.co/mXjdJ9IUGM via @opensea #elonmusk #Bitcoin #ethereum #Photoshop #NFTProject #biple #art #ART #Solana #BitMart #DropYourNFT @RealmissNFT #Coinbase #binance #opensea,2023-06-01 11:09:42+00:00
20,1641297944782733312,"@debowale_farms @TheAgriverse
 great project, with an experienced and successful team. I think this project will go a step further and can complete the plan.
@Theagriverse
 $AV #Theagriverse #Elonmusk #Bscchain #NFT #Gems #PEPECOIN $PEPE",2023-06-01 11:09:37+00:00
21,1587199306053947392,"Elon Musk told officials in Beijing that he's opposed to the US and China weakening economic ties, according to the Chinese Foreign Ministry.
#economy #ElonMusk 

https://t.co/PN3jir1RvN",2023-06-01 11:09:36+00:00
22,1662149191005511680,Check out my item listing on OpenSea! https://t.co/ihVEx0kZUw via @opensea #elonmusk #Bitcoin #ethereum #Photoshop #NFTProject #biple #art #ART #Solana #BitMart #DropYourNFT @RealmissNFT #Coinbase #binance #opensea,2023-06-01 11:09:36+00:00
23,1662149191005511680,Check out my item listing on OpenSea! https://t.co/S2k5qpkr92 via @opensea #elonmusk  #Bitcoin #ethereum  #Photoshop #NFTProject  #biple  #art #ART #Solana #BitMart #DropYourNFT @RealmissNFT #Coinbase #binance  #opensea,2023-06-01 11:09:29+00:00
24,1535367759768473601,"This #Lithium train isn't slowing down. Global demand will continue to soar as #Tesla #ElonMusk find greater competition in the #EVs space.

Good job #PREM own an already producing #SC6 mine with the likes of #Suzhou and the completion lining up. 

https://t.co/4QixewJbAL",2023-06-01 11:09:25+00:00
25,1641297944782733312,"@CurlewSLakes @TheAgriverse
 great project, with an experienced and successful team. I think this project will go a step further and can complete the plan.
@Theagriverse
 $AV #Theagriverse #Elonmusk #Bscchain #NFT #Gems #PEPECOIN $PEPE",2023-06-01 11:09:14+00:00
26,1641297944782733312,"@ArtEthiopic @TheAgriverse
 great project, with an experienced and successful team. I think this project will go a step further and can complete the plan.
@Theagriverse
 $AV #Theagriverse #Elonmusk #Bscchain #NFT #Gems #PEPECOIN $PEPE",2023-06-01 11:08:51+00:00
27,1641308898232782854,"@designcollector @0xCyberia @foundation @BlockchainProfs @thecgritual @Theagriverse
 $AV #Theagriverse #Elonmusk #PEPECOIN $PEPE #Bscchain #NFT #Gems A good   strong team, a serious project and a large scale. I'm sure this project will   always to be successful soon. And this is good idea to contributeÂ withÂ them",2023-06-01 11:08:50+00:00
28,1222096435086155776,"@elonmusk Surpasses #louisvuitton CEO Bernard Arnault to Become the Wealthiest Person in the World
#richest #ElonMusk https://t.co/aKxttOqgNB",2023-06-01 11:08:48+00:00
29,354300504,@mkraju Twitter is now worth $15 billion after #ElonMusk paid $44 billion to promote hate speech &amp; silence liberals. Heâ€™s tried to turn it into a conservative â€œfree speechâ€  zone that have caused MILLIONS to leave. #BlueSky https://t.co/8ISOrpZ4sT,2023-06-01 11:08:48+00:00
30,1641297944782733312,"@jordanpooledude @TheAgriverse
 great project, with an experienced and successful team. I think this project will go a step further and can complete the plan.
@Theagriverse
 $AV #Theagriverse #Elonmusk #Bscchain #NFT #Gems #PEPECOIN $PEPE",2023-06-01 11:08:42+00:00
31,1641297944782733312,"@RohanMagdum7 @TheAgriverse
 great project, with an experienced and successful team. I think this project will go a step further and can complete the plan.
@Theagriverse
 $AV #Theagriverse #Elonmusk #Bscchain #NFT #Gems #PEPECOIN $PEPE",2023-06-01 11:08:31+00:00
32,1641308898232782854,"@nelygarcia3 @Theagriverse
 $AV #Theagriverse #Elonmusk #PEPECOIN $PEPE #Bscchain #NFT #Gems A good   strong team, a serious project and a large scale. I'm sure this project will   always to be successful soon. And this is good idea to contributeÂ withÂ them",2023-06-01 11:08:25+00:00
33,1641297944782733312,"@sehgalfdn @TheAgriverse
 great project, with an experienced and successful team. I think this project will go a step further and can complete the plan.
@Theagriverse
 $AV #Theagriverse #Elonmusk #Bscchain #NFT #Gems #PEPECOIN $PEPE",2023-06-01 11:08:21+00:00
34,1641317353395826690,"@egamers_io I recently joined this project, and I really hope that you will not fail. I analyzed your project in advance and decided that it was very promising and worth my attention!
@Theagriverse
 $AV #Theagriverse #Elonmusk #BscchainÂ #NFTÂ #Gems #PEPECOIN $PEPE",2023-06-01 11:08:19+00:00
35,1641308898232782854,"@gorkemsusantez @EnderYl95194847 @melikbayram_ @Celalettiniek4 @Theagriverse
 $AV #Theagriverse #Elonmusk #PEPECOIN $PEPE #Bscchain #NFT #Gems A good   strong team, a serious project and a large scale. I'm sure this project will   always to be successful soon. And this is good idea to contributeÂ withÂ them",2023-06-01 11:08:14+00:00
36,1641297944782733312,"@gigadgets_ @TheAgriverse
 great project, with an experienced and successful team. I think this project will go a step further and can complete the plan.
@Theagriverse
 $AV #Theagriverse #Elonmusk #Bscchain #NFT #Gems #PEPECOIN $PEPE",2023-06-01 11:08:14+00:00
37,49616273,"Chen Jining, secretary of the CPC Shanghai Municipal Committee, met with #ElonMusk in Shanghai on Thursday. Chen told Musk that #Tesla's development in the city has been quite ""fruitful"" and welcomed the US giant to further expand its business investment in China's financial hub. https://t.co/5gCBz7R5tr",2023-06-01 11:08:11+00:00
38,1641297944782733312,"@jordanpooledude @tize4PF @TheAgriverse
 great project, with an experienced and successful team. I think this project will go a step further and can complete the plan.
@Theagriverse
 $AV #Theagriverse #Elonmusk #Bscchain #NFT #Gems #PEPECOIN $PEPE",2023-06-01 11:08:06+00:00
39,1641308898232782854,"@dkrgkstls @anotherworldgm @Kei_AWM @Theagriverse
 $AV #Theagriverse #Elonmusk #PEPECOIN $PEPE #Bscchain #NFT #Gems A good   strong team, a serious project and a large scale. I'm sure this project will   always to be successful soon. And this is good idea to contributeÂ withÂ them",2023-06-01 11:08:04+00:00
40,1641297944782733312,"@kamanzi_claudin @SangwaSifa @TheAgriverse
 great project, with an experienced and successful team. I think this project will go a step further and can complete the plan.
@Theagriverse
 $AV #Theagriverse #Elonmusk #Bscchain #NFT #Gems #PEPECOIN $PEPE",2023-06-01 11:07:58+00:00
41,1641297944782733312,"@Spacewenchang @TheAgriverse
 great project, with an experienced and successful team. I think this project will go a step further and can complete the plan.
@Theagriverse
 $AV #Theagriverse #Elonmusk #Bscchain #NFT #Gems #PEPECOIN $PEPE",2023-06-01 11:07:51+00:00
42,1641317353395826690,"@ARQxAI The project has certain tasks and an excellent team that knows how to maintain and increase the profitability of the platform and investors, a wonderful project!
@Theagriverse
 $AV #Theagriverse #Elonmusk #BscchainÂ #NFTÂ #Gems #PEPECOIN $PEPE",2023-06-01 11:07:42+00:00
43,55186601,"#NSTworld Since his arrival in #China on Tuesday morning, the U.S. billionaire has been showered with praise by the Chinese public. 

https://t.co/sWDkP0rJdo

#ElonMusk",2023-06-01 11:07:36+00:00
44,1641308898232782854,"@eyadshamalet @McDonalds @Cuberium @Theagriverse
 $AV #Theagriverse #Elonmusk #PEPECOIN $PEPE #Bscchain #NFT #Gems A good   strong team, a serious project and a large scale. I'm sure this project will   always to be successful soon. And this is good idea to contributeÂ withÂ them",2023-06-01 11:07:24+00:00
45,1641317353395826690,"@indianweb2 @adlittle @adlittleindia The project has certain tasks and an excellent team that knows how to maintain and increase the profitability of the platform and investors, a wonderful project!
@Theagriverse
 $AV #Theagriverse #Elonmusk #BscchainÂ #NFTÂ #Gems #PEPECOIN $PEPE",2023-06-01 11:07:20+00:00
46,1641297944782733312,"@moneyraineth @TheAgriverse
 great project, with an experienced and successful team. I think this project will go a step further and can complete the plan.
@Theagriverse
 $AV #Theagriverse #Elonmusk #Bscchain #NFT #Gems #PEPECOIN $PEPE",2023-06-01 11:07:14+00:00
47,1641308898232782854,"@EnthuMetaverse @CryptoGods44 @PlayZapGames @Theagriverse
 $AV #Theagriverse #Elonmusk #PEPECOIN $PEPE #Bscchain #NFT #Gems A good   strong team, a serious project and a large scale. I'm sure this project will   always to be successful soon. And this is good idea to contributeÂ withÂ them",2023-06-01 11:07:11+00:00
48,1641317353395826690,"@web3br_io The project has certain tasks and an excellent team that knows how to maintain and increase the profitability of the platform and investors, a wonderful project!
@Theagriverse
 $AV #Theagriverse #Elonmusk #BscchainÂ #NFTÂ #Gems #PEPECOIN $PEPE",2023-06-01 11:07:00+00:00
49,1354902064476934148,Can't wait to have my own slave... Errr I  mean #OPTIMUS robot ğŸ˜‰ğŸ˜ #ElonMusk https://t.co/fba6XbElTt,2023-06-01 11:06:41+00:00
50,1641337745263173632,"@RenoviHub @most_mojo @Theagriverse
 $AV #Theagriverse #Elonmusk #PEPECOIN $PEPE #Bscchain #NFT #Gems A good   strong team, a serious project and a large scale. I'm sure this project will   always to be successful soon. And this is good idea to contributeÂ withÂ them",2023-06-01 11:06:37+00:00
51,1641308898232782854,"@0xjencityx_win @Metaverse_SC @Theagriverse
 $AV #Theagriverse #Elonmusk #PEPECOIN $PEPE #Bscchain #NFT #Gems A good   strong team, a serious project and a large scale. I'm sure this project will   always to be successful soon. And this is good idea to contributeÂ withÂ them",2023-06-01 11:06:22+00:00
52,1641308898232782854,"@piacere_ex @b_o_psm2s7 @Theagriverse
 $AV #Theagriverse #Elonmusk #PEPECOIN $PEPE #Bscchain #NFT #Gems A good   strong team, a serious project and a large scale. I'm sure this project will   always to be successful soon. And this is good idea to contributeÂ withÂ them",2023-06-01 11:05:50+00:00
53,1641337745263173632,"@0xEpica @Theagriverse
 $AV #Theagriverse #Elonmusk #PEPECOIN $PEPE #Bscchain #NFT #Gems A good   strong team, a serious project and a large scale. I'm sure this project will   always to be successful soon. And this is good idea to contributeÂ withÂ them",2023-06-01 11:05:41+00:00
54,2371042173,"@cryptojack From @flokidragon_ community. Cmc and Cg applied coming soon 
NFTs are ready , buy now and #HODL ğŸ¥³
Make sure you are on #Rocket 

https://t.co/rVjVsHJbcjğŸ’«

#Dragon #Floki #ElonMusk #ãƒ‰ãƒ©ã‚´ãƒ³ #é¾™ ğŸš€ ğŸš€ https://t.co/TLNbjspXxC",2023-06-01 11:05:29+00:00
55,1641337745263173632,"@BuloSehi @CryptopiaOFCL @LaudieLabapis @Mrce07 @Dadaaacutie @aabboooo_ @DinoTelle5 @yaisaeko @Theagriverse
 $AV #Theagriverse #Elonmusk #PEPECOIN $PEPE #Bscchain #NFT #Gems A good   strong team, a serious project and a large scale. I'm sure this project will   always to be successful soon. And this is good idea to contributeÂ withÂ them",2023-06-01 11:05:27+00:00
56,1641337745263173632,"@RossTesas @Theagriverse
 $AV #Theagriverse #Elonmusk #PEPECOIN $PEPE #Bscchain #NFT #Gems A good   strong team, a serious project and a large scale. I'm sure this project will   always to be successful soon. And this is good idea to contributeÂ withÂ them",2023-06-01 11:05:13+00:00
57,1641317353395826690,"@g_mampi12 @BeHfdhj6611 @hhjhfd10 @ghgrh The project has certain tasks and an excellent team that knows how to maintain and increase the profitability of the platform and investors, a wonderful project!
@Theagriverse
 $AV #Theagriverse #Elonmusk #BscchainÂ #NFTÂ #Gems #PEPECOIN $PEPE",2023-06-01 11:05:13+00:00
58,1630087958123646978,"Teaching kids about our constitution &amp; holy books like Vedas, Bible, Gita, Quran is good They become good thinkers, when we choose leaders, we want them to be wise &amp; kind. Let's make education strong &amp; pick smart leaders for a better India! #Serilingampally #SSRajamouli #ElonMusk https://t.co/wTSKYJzaUn",2023-06-01 11:05:04+00:00
59,827501045550944256,"@NBCNews You can't blame the virality of @AOCpress #AOCParody  on @elonmusk #ElonMusk, although his followers probably enjoyed the fun.  But @AOC @RepAOC  #AOC  going ""RREEEEEE!"" over it absolutely did.  Elon's reinstatement of freedom of speech &amp; enjoying humor wasn't the issue. AOC'sâ€¦ https://t.co/uUH30ViifW https://t.co/S3EG1sYLbD",2023-06-01 11:05:00+00:00
60,1641337745263173632,"@AyySprocket @TheAgriverse
 great project, with an experienced and successful team. I think this project will go a step further and can complete the plan.
@Theagriverse
 $AV #Theagriverse #Elonmusk #Bscchain #NFT #Gems #PEPECOIN $PEPE",2023-06-01 11:04:58+00:00
61,1641317353395826690,"@BSC_Allday @VitaInuCoin @DwfLabs @AltCryptoGems @cryptohuntzman @Cryptoqueen_BNB @Eljaboom @yourcryptodj @Bluntz_Capital @BinancePk The project has certain tasks and an excellent team that knows how to maintain and increase the profitability of the platform and investors, a wonderful project!
@Theagriverse
 $AV #Theagriverse #Elonmusk #BscchainÂ #NFTÂ #Gems #PEPECOIN $PEPE",2023-06-01 11:04:50+00:00
62,1641337745263173632,"@EpikPrime @TheAgriverse
 great project, with an experienced and successful team. I think this project will go a step further and can complete the plan.
@Theagriverse
 $AV #Theagriverse #Elonmusk #Bscchain #NFT #Gems #PEPECOIN $PEPE",2023-06-01 11:04:48+00:00
63,1641317353395826690,"@GIDEONONYEMACH1 The project has certain tasks and an excellent team that knows how to maintain and increase the profitability of the platform and investors, a wonderful project!
@Theagriverse
 $AV #Theagriverse #Elonmusk #BscchainÂ #NFTÂ #Gems #PEPECOIN $PEPE",2023-06-01 11:04:06+00:00
64,1641317353395826690,"@cryptowins593 The project has certain tasks and an excellent team that knows how to maintain and increase the profitability of the platform and investors, a wonderful project!
@Theagriverse
 $AV #Theagriverse #Elonmusk #BscchainÂ #NFTÂ #Gems #PEPECOIN $PEPE",2023-06-01 11:03:54+00:00
65,1641317353395826690,"@AN_art8co The project has certain tasks and an excellent team that knows how to maintain and increase the profitability of the platform and investors, a wonderful project!
@Theagriverse
 $AV #Theagriverse #Elonmusk #BscchainÂ #NFTÂ #Gems #PEPECOIN $PEPE",2023-06-01 11:03:25+00:00
66,1632351326016356353,"@SaitamaVrod72 @BabyDogeCoin $BRAK @itsbrakofficial will be the new Pepe, don't miss it
ğŸš€ğŸ’ğŸš€ ğŸŒ™ğŸš€ğŸ”¥ğŸŒâœ…ğŸš€

Telegram Group:  https://t.co/WOYNAHUQDq
 
#BRAK #BRAKARMY #BRAKFORALL
#ShibaArmy #ShibaDoge #DOGE #Dogecoin #ShibaWhalesArmy #SHIBARMY #SHIBARMYSTRONG #ElonMusk https://t.co/NVXJ9vwVr5",2023-06-01 11:03:12+00:00
67,1641317353395826690,"@TechNodeGlobal The project has certain tasks and an excellent team that knows how to maintain and increase the profitability of the platform and investors, a wonderful project!
@Theagriverse
 $AV #Theagriverse #Elonmusk #BscchainÂ #NFTÂ #Gems #PEPECOIN $PEPE",2023-06-01 11:03:02+00:00
68,1632351326016356353,"@MayurChaubey2 @BabyDogeCoin $BRAK @itsbrakofficial will be the new Pepe, don't miss it
ğŸš€ğŸ’ğŸš€ ğŸŒ™ğŸš€ğŸ”¥ğŸŒâœ…ğŸš€

Telegram Group:  https://t.co/WOYNAHUQDq
 
#BRAK #BRAKARMY #BRAKFORALL
#ShibaArmy #ShibaDoge #DOGE #Dogecoin #ShibaWhalesArmy #SHIBARMY #SHIBARMYSTRONG #ElonMusk https://t.co/jkunuSCJiC",2023-06-01 11:02:58+00:00
69,1066441453797281792,ğŸš€ Embrace the change or face the disaster - wise words from the visionary @elonmusk! ğŸ’¡ Let's all be fearless in the pursuit of progress and innovation. Are you ready to adapt and thrive? ğŸ’ªğŸŒ #ElonMusk #ChangeMakers #Innovation #AdaptAndConquer #GrowthMindset #EmbraceChange https://t.co/w4BoLNlDjB,2023-06-01 11:02:55+00:00
70,1632351326016356353,"@Eris_BTC @BabyDogeCoin $BRAK @itsbrakofficial will be the new Pepe, don't miss it
ğŸš€ğŸ’ğŸš€ ğŸŒ™ğŸš€ğŸ”¥ğŸŒâœ…ğŸš€

Telegram Group:  https://t.co/WOYNAHUQDq
 
#BRAK #BRAKARMY #BRAKFORALL
#ShibaArmy #ShibaDoge #DOGE #Dogecoin #ShibaWhalesArmy #SHIBARMY #SHIBARMYSTRONG #ElonMusk https://t.co/hUJ1P2kqRn",2023-06-01 11:02:50+00:00
71,1632351326016356353,"@DeepakD33203852 @BabyDogeCoin $BRAK @itsbrakofficial will be the new Pepe, don't miss it
ğŸš€ğŸ’ğŸš€ ğŸŒ™ğŸš€ğŸ”¥ğŸŒâœ…ğŸš€

Telegram Group:  https://t.co/WOYNAHUQDq
 
#BRAK #BRAKARMY #BRAKFORALL
#ShibaArmy #ShibaDoge #DOGE #Dogecoin #ShibaWhalesArmy #SHIBARMY #SHIBARMYSTRONG #ElonMusk https://t.co/Iv41p9RdpI",2023-06-01 11:02:42+00:00
72,1641317353395826690,"@OscarSmithETH @Theagriverse
 $AV #Theagriverse #Elonmusk #PEPECOIN $PEPE #Bscchain #NFT #Gems A good   strong team, a serious project and a large scale. I'm sure this project will   always to be successful soon. And this is good idea to contributeÂ withÂ them",2023-06-01 11:02:39+00:00
73,1072604489222369287,"@cz_binance and @binance needs support to #USTC reworking
Total bullish on

#LUNC @elonmusk #ElonMusk #PEPE #BTC #REPEG https://t.co/OWCVoLLTv3",2023-06-01 11:02:38+00:00
74,1437341645683322880,Elon Musk must be a CCP Party Member by now. #ElonMusk #TaiwanIsACountry https://t.co/TRxmOwLoZj,2023-06-01 11:02:35+00:00
75,1632351326016356353,"@DeepakD33203852 @BabyDogeCoin $BRAK @itsbrakofficial will be the new Pepe, don't miss it
ğŸš€ğŸ’ğŸš€ ğŸŒ™ğŸš€ğŸ”¥ğŸŒâœ…ğŸš€

Telegram Group:  https://t.co/WOYNAHUQDq
 
#BRAK #BRAKARMY #BRAKFORALL
#ShibaArmy #ShibaDoge #DOGE #Dogecoin #ShibaWhalesArmy #SHIBARMY #SHIBARMYSTRONG #ElonMusk https://t.co/Yx3xbCVBOd",2023-06-01 11:02:16+00:00
76,1626469649989640193,Please visit our official website to know more about our wide spectrum of services. #business #service #WTCFinal2023 #ElonMusk #HongKong #SpiderManAcrossTheSpiderVerse #AEWDynamite #FreeElectricityInRajasthan #Apple #USDD #S_Class #SupportSmallStreamers #supportsmallbusiness https://t.co/FW57nOZcce,2023-06-01 11:02:14+00:00
77,1641311712337903618,"@Xtheo_Eths The project has certain tasks and an excellent team that knows how to maintain and increase the profitability of the platform and investors, a wonderful project!
@Theagriverse
 $AV #Theagriverse #Elonmusk #BscchainÂ #NFTÂ #Gems #PEPECOIN $PEPE",2023-06-01 11:02:13+00:00
78,1632351326016356353,"@MovieRoom1 @BabyDogeCoin $BRAK @itsbrakofficial will be the new Pepe, don't miss it
ğŸš€ğŸ’ğŸš€ ğŸŒ™ğŸš€ğŸ”¥ğŸŒâœ…ğŸš€

Telegram Group:  https://t.co/WOYNAHUQDq
 
#BRAK #BRAKARMY #BRAKFORALL
#ShibaArmy #ShibaDoge #DOGE #Dogecoin #ShibaWhalesArmy #SHIBARMY #SHIBARMYSTRONG #ElonMusk https://t.co/unSKgRd9KO",2023-06-01 11:02:04+00:00
79,1632351326016356353,"@DKSingh07775320 @BabyDogeCoin $BRAK @itsbrakofficial will be the new Pepe, don't miss it
ğŸš€ğŸ’ğŸš€ ğŸŒ™ğŸš€ğŸ”¥ğŸŒâœ…ğŸš€

Telegram Group:  https://t.co/WOYNAHVosY
 
#BRAK #BRAKARMY #BRAKFORALL
#ShibaArmy #ShibaDoge #DOGE #Dogecoin #ShibaWhalesArmy #SHIBARMY #SHIBARMYSTRONG #ElonMusk https://t.co/uA0fS5wQtj",2023-06-01 11:01:54+00:00
80,1641311712337903618,"@KingApePromoter @Foresight_News The project has certain tasks and an excellent team that knows how to maintain and increase the profitability of the platform and investors, a wonderful project!
@Theagriverse
 $AV #Theagriverse #Elonmusk #BscchainÂ #NFTÂ #Gems #PEPECOIN $PEPE",2023-06-01 11:01:44+00:00
81,1632351326016356353,"@DKSingh07775320 @BabyDogeCoin $BRAK @itsbrakofficial will be the new Pepe, don't miss it
ğŸš€ğŸ’ğŸš€ ğŸŒ™ğŸš€ğŸ”¥ğŸŒâœ…ğŸš€

Telegram Group:  https://t.co/WOYNAHUQDq
 
#BRAK #BRAKARMY #BRAKFORALL
#ShibaArmy #ShibaDoge #DOGE #Dogecoin #ShibaWhalesArmy #SHIBARMY #SHIBARMYSTRONG #ElonMusk https://t.co/J4NJndwODu",2023-06-01 11:01:40+00:00
82,1632351326016356353,"@jordanmwinukatz @BabyDogeCoin $BRAK @itsbrakofficial will be the new Pepe, don't miss it
ğŸš€ğŸ’ğŸš€ ğŸŒ™ğŸš€ğŸ”¥ğŸŒâœ…ğŸš€

Telegram Group:  https://t.co/WOYNAHUQDq
 
#BRAK #BRAKARMY #BRAKFORALL
#ShibaArmy #ShibaDoge #DOGE #Dogecoin #ShibaWhalesArmy #SHIBARMY #SHIBARMYSTRONG #ElonMusk https://t.co/kCvzSJf5Pc",2023-06-01 11:01:32+00:00
83,1641317353395826690,"@cryptic_kid_sid @MOI_Tech @moibitio @Theagriverse
 $AV #Theagriverse #Elonmusk #PEPECOIN $PEPE #Bscchain #NFT #Gems A good   strong team, a serious project and a large scale. I'm sure this project will   always to be successful soon. And this is good idea to contributeÂ withÂ them",2023-06-01 11:01:30+00:00
84,1652740445657608192,"@ControlzzIq Sorry, I don't trust anyone whose name sounds like it belongs to a cartoon character. #elonmusk #crypto",2023-06-01 11:01:28+00:00
85,1659140467554910211,"@MiloInu Challenges, failures, defeats and ultimately, progress, are what make your life worthwhile

Milo Inu, Stronger , smarter , better
MILO INU BETTER

#Tesla #SpaceX #Twitter #ElonMusk #Milo #Dogecoin

$DOGE $MILO https://t.co/JIaEtYYT2h",2023-06-01 11:01:28+00:00
86,1446352417130352641,"What is the universe trying to say? ğŸª„ğŸ”®

#ElonMusk https://t.co/kN7pWBr1aE https://t.co/Ok8Af0peUC",2023-06-01 11:01:28+00:00
87,1632351326016356353,"@zerocatchup @BabyDogeCoin $BRAK @itsbrakofficial will be the new Pepe, don't miss it
ğŸš€ğŸ’ğŸš€ ğŸŒ™ğŸš€ğŸ”¥ğŸŒâœ…ğŸš€

Telegram Group:  https://t.co/WOYNAHUQDq
 
#BRAK #BRAKARMY #BRAKFORALL
#ShibaArmy #ShibaDoge #DOGE #Dogecoin #ShibaWhalesArmy #SHIBARMY #SHIBARMYSTRONG #ElonMusk https://t.co/BGhpyFRsEi",2023-06-01 11:01:23+00:00
88,1255776702325760002,"His wealth increased by $1.98 billion, while Bernard Arnault's wealth decreased by more than $5 billion, causing him to fall behind Musk in the rankings. 

#ElonMusk #BernardArnault #WorldsRichestPerson #BloombergBillionairesIndex #Tesla #LVMH",2023-06-01 11:01:23+00:00
89,1632351326016356353,"@LmaoGPT @BabyDogeCoin $BRAK @itsbrakofficial will be the new Pepe, don't miss it
ğŸš€ğŸ’ğŸš€ ğŸŒ™ğŸš€ğŸ”¥ğŸŒâœ…ğŸš€

Telegram Group:  https://t.co/WOYNAHUQDq
 
#BRAK #BRAKARMY #BRAKFORALL
#ShibaArmy #ShibaDoge #DOGE #Dogecoin #ShibaWhalesArmy #SHIBARMY #SHIBARMYSTRONG #ElonMusk https://t.co/MCi1HLGpHa",2023-06-01 11:01:10+00:00
90,1641317353395826690,"@TokenBeam @Theagriverse
 $AV #Theagriverse #Elonmusk #PEPECOIN $PEPE #Bscchain #NFT #Gems A good   strong team, a serious project and a large scale. I'm sure this project will   always to be successful soon. And this is good idea to contributeÂ withÂ them",2023-06-01 11:01:02+00:00
91,1437341645683322880,@zilinda_zi Is that a #LittleRedBook in #ElonMusk s pocket?,2023-06-01 11:00:56+00:00
92,1594925351922180099,"@SharksCoins Time to research $INUS @INUStoken.
https://t.co/xaPEJaBwlp
ERC20:
0x39207d2e2feef178fbda8083914554c59d9f8c00
#memes #Metaverse #memecoin #GameFi #SocialFi #NFT #Web3 #ElonMusk #INUS #BTC #ETH #Doge #shib #floki #Saitama #pepe #Ordinals #AI #crypto https://t.co/G4AHdOh6zB",2023-06-01 11:00:54+00:00
93,1641317353395826690,"@dragonmaster_co @Theagriverse
 $AV #Theagriverse #Elonmusk #PEPECOIN $PEPE #Bscchain #NFT #Gems A good   strong team, a serious project and a large scale. I'm sure this project will   always to be successful soon. And this is good idea to contributeÂ withÂ them",2023-06-01 11:00:45+00:00
94,1641311712337903618,"@Chain4Energy The project has certain tasks and an excellent team that knows how to maintain and increase the profitability of the platform and investors, a wonderful project!
@Theagriverse
 $AV #Theagriverse #Elonmusk #BscchainÂ #NFTÂ #Gems #PEPECOIN $PEPE",2023-06-01 11:00:42+00:00
95,1632351326016356353,"@jchrzanowski6 @BabyDogeCoin $BRAK @itsbrakofficial will be the new Pepe, don't miss it
ğŸš€ğŸ’ğŸš€ ğŸŒ™ğŸš€ğŸ”¥ğŸŒâœ…ğŸš€

Telegram Group:  https://t.co/WOYNAHUQDq
 
#BRAK #BRAKARMY #BRAKFORALL
#ShibaArmy #ShibaDoge #DOGE #Dogecoin #ShibaWhalesArmy #SHIBARMY #SHIBARMYSTRONG #ElonMusk https://t.co/FgzcsIbKJP",2023-06-01 11:00:28+00:00
96,1632351326016356353,"@ExplainThisBob @DavidsonTeekay $BRAK @itsbrakofficial will be the new Pepe, don't miss it
ğŸš€ğŸ’ğŸš€ ğŸŒ™ğŸš€ğŸ”¥ğŸŒâœ…ğŸš€

Telegram Group:  https://t.co/WOYNAHUQDq
 
#BRAK #BRAKARMY #BRAKFORALL
#ShibaArmy #ShibaDoge #DOGE #Dogecoin #ShibaWhalesArmy #SHIBARMY #SHIBARMYSTRONG #ElonMusk https://t.co/zAtL2Fn9Wv",2023-06-01 11:00:16+00:00
97,1658640226405810176,"Today's #token talk is from the #Twitter CEO himself, #ElonMusk. #Cryptocurrency is here! Do you know what the #blockchain is?  Understanding #cryptoterms is necessary in order to safely and effectively manage your #digitalassets. #Geteducated and join the #cryptorevolution https://t.co/ntMgxIG8JP",2023-06-01 11:00:11+00:00
98,1662149191005511680,Check out my item listing on OpenSea! https://t.co/6SuX1XtHwG via @opensea #elonmusk  #Bitcoin #ethereum #MeekMill #Photoshop #NFTProject  #biple  #art #ART #Solana #BitMart #DropYourNFT @RealmissNFT #Coinbase #binance,2023-06-01 11:00:09+00:00
99,60838339,Nvidiaâ€™s CEO Jensen Huang plans trip to meet China executives despite US curbs #JensenHuang #Nvidia #China #Xiaomi #Tiktok #ElonMusk #Bytedance #ChioMarket #TencentHoldingsLtd #Devices  https://t.co/WfqXjZ1wlp,2023-06-01 11:00:07+00:00
